phase,threshold,threads,decode_ms_per_tok,linear19_decode_avg_ms,log
fp16_confirm,1,4,2.15,0.595,benchmark/results/threshold_sweep_20260409_095926/fp16_confirm_th1_t4.log
fp16_confirm,1,8,1.90,0.555,benchmark/results/threshold_sweep_20260409_095926/fp16_confirm_th1_t8.log
fp16_confirm,1,16,1.48,0.362,benchmark/results/threshold_sweep_20260409_095926/fp16_confirm_th1_t16.log
fp16_confirm,32768,4,2.17,0.598,benchmark/results/threshold_sweep_20260409_095926/fp16_confirm_th32768_t4.log
fp16_confirm,32768,8,1.92,0.568,benchmark/results/threshold_sweep_20260409_095926/fp16_confirm_th32768_t8.log
fp16_confirm,32768,16,1.42,0.333,benchmark/results/threshold_sweep_20260409_095926/fp16_confirm_th32768_t16.log
fp16_confirm,131072,4,2.15,0.584,benchmark/results/threshold_sweep_20260409_095926/fp16_confirm_th131072_t4.log
fp16_confirm,131072,8,1.93,0.560,benchmark/results/threshold_sweep_20260409_095926/fp16_confirm_th131072_t8.log
fp16_confirm,131072,16,2.97,0.554,benchmark/results/threshold_sweep_20260409_095926/fp16_confirm_th131072_t16.log
